{
  "xgb_yQ_kWh_next_window": {
    "mae": 0.013413731577844673,
    "rmse": 0.03512697432689949,
    "residual_std": 0.03422575949287651
  },
  "rf_yQ_kWh_next_window": {
    "mae": 0.013411733944370768,
    "rmse": 0.0410518046393014,
    "residual_std": 0.04018541558362571
  },
  "xgb_time_to_x95_min": {
    "mae": 0.0,
    "rmse": 0.0,
    "residual_std": 0.0
  },
  "rf_time_to_x95_min": {
    "mae": 0.0,
    "rmse": 0.0,
    "residual_std": 0.0
  },
  "xgb_x_next": {
    "mae": 0.0016521784939667033,
    "rmse": 0.008279334709030714,
    "residual_std": 0.00827929109290109
  },
  "rf_x_next": {
    "mae": 0.0016999992757872318,
    "rmse": 0.008831539953313115,
    "residual_std": 0.008831523933403765
  },
  "xgb_Tout_next": {
    "mae": 0.4779204000536424,
    "rmse": 0.6550038511148902,
    "residual_std": 0.6549828081138127
  },
  "rf_Tout_next": {
    "mae": 0.4493251279830053,
    "rmse": 0.6078816878554167,
    "residual_std": 0.6062668840026506
  }
}